role_k1000_v3,role_k50_v3
Healthcare Finance Analyst,Accounting
Finance Executive,Accounting
Insurance Finance Analyst,Accounting
Transfer Pricing Analyst,Accounting
Outsourcing Manager,Accounting
Financial Systems Analyst,Accounting
Fund Accountant,Accounting
Accounting Assistant,Accounting
Bookkeeper,Accounting
Billing Coordinator,Accounting
Accounting Consultant,Accounting
Hospitality Finance Analyst,Accounting
HR Finance Analyst,Accounting
Document Processor,Accounting
Data Clerk,Accounting
Account Analyst,Accounting
Estate and Trust Advisor,Accounting
Financial Auditor,Accounting
Finance Clerk,Accounting
Finance Support Assistant,Accounting
Finance Manager,Accounting
Accountant,Accounting
Finance Officer,Accounting
Global Mobility Tax,Accounting
Outsourcing Operations,Accounting
Global Mobility,Accounting
Property Accountant,Accounting
Collections Agent,Accounting
Reconciliation Analyst,Accounting
Payroll Administrator,Accounting
Tax Consultant,Accounting
Program Coordinator,Administrative Assistant
Election Support,Administrative Assistant
HR Administrative Assistant,Administrative Assistant
Administrative Assistant,Administrative Assistant
Executive Assistant,Administrative Assistant
Records Clerk,Administrative Assistant
Education Administrator,Administrative Assistant
Research Coordinator,Administrative Assistant
Court Clerk,Administrative Assistant
Bilingual Administrative Coordinator,Administrative Assistant
Meteorologist,Aviation Engineer
Avionics Technician,Aviation Engineer
Aviation Safety Inspector,Aviation Engineer
Drone Operator,Aviation Engineer
Radiation Safety,Aviation Engineer
Aerospace Systems Technician,Aviation Engineer
Nuclear Operations Technician,Aviation Engineer
Military Pilot,Aviation Engineer
Aerospace Engineer,Aviation Engineer
Safety and Security Officer,Aviation Engineer
Simulation Engineer,Aviation Engineer
Banking Analyst,Banking Analyst
Financial Advisor,Banking Analyst
Payment Operations,Banking Analyst
Credit Analyst,Banking Analyst
Banking Advisor,Banking Analyst
Loan Officer,Banking Analyst
Notary Agent,Banking Analyst
Trader,Banking Analyst
Financial Valuation Analyst,Banking Analyst
Investor Relations,Banking Analyst
ESG Finance Analyst,Banking Analyst
Investment Advisor,Banking Analyst
Client Support Advisor,Banking Analyst
Energy Trader,Banking Analyst
Credit Risk Analyst,Banking Analyst
Investment Trader,Banking Analyst
Financial Product Analyst,Banking Analyst
M&A Analyst,Banking Analyst
Treasury Analyst,Banking Analyst
Digital Finance Trader,Banking Analyst
Banking Product Manager,Banking Analyst
Due Diligence Analyst,Banking Analyst
Trust Officer,Banking Analyst
Financial Recruiter,Banking Analyst
International Strategy,Business Development Strategist
Licensing Strategist,Business Development Strategist
Partnerships Coordinator,Business Development Strategist
Business Intern,Business Development Strategist
Revenue Operations Leader,Business Development Strategist
Energy Strategist,Business Development Strategist
Pricing Strategist,Business Development Strategist
Strategy Consultant,Business Development Strategist
Client Solutions,Business Development Strategist
Telecom Planner,Business Development Strategist
Engagement Coordinator,Business Development Strategist
Proposal Analyst,Business Development Strategist
Network Strategist,Business Development Strategist
Business Development,Business Development Strategist
Entrepreneur,Business Development Strategist
Acquisition Strategist,Business Development Strategist
Innovation Consultant,Business Development Strategist
Sustainability Advisor,Business Development Strategist
HR Systems Analyst,Change Consultant
Workforce Analyst,Change Consultant
Change Management,Change Consultant
Transformation Consultant,Change Consultant
Process Specialist,Change Consultant
Onboarding Coordinator,Change Consultant
Knowledge Manager,Change Consultant
Learning Systems Administrator,Change Consultant
Change Communication,Change Consultant
Performance Consultant,Change Consultant
Business Services Coordinator,Change Consultant
Benefits Coordinator,Claims Adjuster
Insurance Underwriter,Claims Adjuster
Compensation and Benefits,Claims Adjuster
Insurance Manager,Claims Adjuster
Claims Adjuster,Claims Adjuster
Pension Administrator,Claims Adjuster
Claims Processor,Claims Adjuster
Insurance Broker,Claims Adjuster
Insurance Specialist,Claims Adjuster
Medical Science Liaison,Clinical Research Coordinator
Health Researcher,Clinical Research Coordinator
Regulatory Affairs Analyst,Clinical Research Coordinator
Biomedical Researcher,Clinical Research Coordinator
Clinical Research Coordinator,Clinical Research Coordinator
Clinical Data Scientist,Clinical Research Coordinator
Medical Writer,Clinical Research Coordinator
Nonprofit Volunteer,Community Development Director
Community Program Coordinator,Community Development Director
Climate Analyst,Community Development Director
Public Relations Officer,Community Development Director
Development Director,Community Development Director
Development Officer,Community Development Director
Finance Volunteer,Community Development Director
Stakeholder Engagement,Community Development Director
Community Coordinator,Community Development Director
Community Organizer,Community Development Director
International Policy Advisor,Community Development Director
Food Program Coordinator,Community Development Director
Environmental Coordinator,Community Development Director
Grant Administrator,Community Development Director
Public Policy Advocate,Community Development Director
Policy Evaluator,Community Development Director
ESG Auditor,Compliance Auditor
Ethics Compliance Officer,Compliance Auditor
Risk Analyst,Compliance Auditor
Complaint Resolution,Compliance Auditor
Market Surveillance Analyst,Compliance Auditor
Compliance Officer,Compliance Auditor
Trade Compliance,Compliance Auditor
Financial Examiner,Compliance Auditor
Regulatory Affairs,Compliance Auditor
Auditor,Compliance Auditor
Fraud Investigator,Compliance Auditor
Wind Technician,Construction Engineer
Design Engineer,Construction Engineer
Construction Estimator,Construction Engineer
BIM Modeler,Construction Engineer
Project Engineer,Construction Engineer
Healthcare Project Coordinator,Construction Engineer
Energy Project Manager,Construction Engineer
Quantity Surveyor,Construction Engineer
Building Systems Designer,Construction Engineer
Lighting Designer,Construction Engineer
Technical Project Manager,Construction Engineer
Transportation Engineer,Construction Engineer
Piping Engineer,Construction Engineer
Construction Supervisor,Construction Engineer
Structural Engineer,Construction Engineer
Cost Analyst,Construction Engineer
Construction Inspector,Construction Engineer
Employment Lawyer,Corporate Attorney
Real Estate Lawyer,Corporate Attorney
Compliance Counsel,Corporate Attorney
Document Examiner,Corporate Attorney
Paralegal,Corporate Attorney
Attorney,Corporate Attorney
Privacy Counsel,Corporate Attorney
Corporate Counsel,Corporate Attorney
Licensing Officer,Corporate Attorney
Intellectual Property Attorney,Corporate Attorney
Parts and Aftersales,Customer Operations
Customer Service Operations,Customer Operations
Operations Associate,Customer Operations
Print Operations,Customer Operations
Order Coordinator,Customer Operations
Quotation Analyst,Customer Operations
Warranty Analyst,Customer Operations
Customer Support Representative,Customer Service Representative
Membership Coordinator,Customer Service Representative
Call Center Operations,Customer Service Representative
Automotive Customer Support,Customer Service Representative
Customer Service Supervisor,Customer Service Representative
Customer Service,Customer Service Representative
Customer Data Analyst,Customer Service Representative
Rental Agent,Customer Service Representative
Customer Support Agent,Customer Service Representative
Automotive Advisor,Customer Service Representative
Customer Service Representative,Customer Service Representative
Security Monitor,Cybersecurity Analyst
Data Privacy,Cybersecurity Analyst
Business Continuity Analyst,Cybersecurity Analyst
Digital Forensics Analyst,Cybersecurity Analyst
Network Security Analyst,Cybersecurity Analyst
Cybersecurity Specialist,Cybersecurity Analyst
Trust and Safety Analyst,Cybersecurity Analyst
Incident Responder,Cybersecurity Analyst
IT Security Auditor,Cybersecurity Analyst
Security Analyst,Cybersecurity Analyst
IT Security Specialist,Cybersecurity Analyst
Vulnerability Analyst,Cybersecurity Analyst
Security Clearance Analyst,Cybersecurity Analyst
Threat Analyst,Cybersecurity Analyst
Security Program Manager,Cybersecurity Analyst
Cybersecurity Analyst,Cybersecurity Analyst
Disaster Recovery Analyst,Cybersecurity Analyst
Intelligence Analyst,Cybersecurity Analyst
Data Manager,Data Analyst
Business Intelligence Analyst,Data Analyst
BIM Coordinator,Data Analyst
E-Discovery Analyst,Data Analyst
Clinical Data Specialist,Data Analyst
GIS Analyst,Data Analyst
Healthcare Data Analyst,Data Analyst
Data Analyst,Data Analyst
Data Steward,Data Analyst
Digital Marketing Analyst,Data Analyst
HR Data Analyst,Data Analyst
Game Developer,Digital Designer
Localization Specialist,Digital Designer
Visual Artist,Digital Designer
Technical Writer,Digital Designer
Accessibility Consultant,Digital Designer
UX Researcher,Digital Designer
Web Designer,Digital Designer
Virtual Reality Developer,Digital Designer
Game Designer,Digital Designer
Audio Visual Engineer,Digital Designer
3D Designer,Digital Designer
Digital Game Artist,Digital Designer
Visual Effects Artist,Digital Designer
UX Designer,Digital Designer
Retail Sales,E-commerce Brand Manager
Brand Ambassador,E-commerce Brand Manager
Franchise Operations Specialist,E-commerce Brand Manager
Brand Strategist,E-commerce Brand Manager
Fashion Buyer,E-commerce Brand Manager
E-commerce Operations,E-commerce Brand Manager
Brand Marketing,E-commerce Brand Manager
Fashion Designer,E-commerce Brand Manager
Energy Systems Engineer,Engineer
Validation Engineer,Engineer
Telecom Technician,Engineer
Optical Engineer,Engineer
Data Center Technician,Engineer
Energy Engineer,Engineer
Materials Engineer,Engineer
Nuclear Engineer,Engineer
Manufacturing Engineer,Engineer
Operations Engineering,Engineer
Audio Visual Technician,Engineer
Engineering Intern,Engineer
Data Center Facilities,Engineer
HVAC Coordinator,Engineer
Engineer,Engineer
Mechanical Engineer,Engineer
Building Systems Engineer,Engineer
Human Factors Engineer,Engineer
Electrical Trainer,Engineer
Commissioning Engineer,Engineer
Automation Systems Engineer,Engineer
Solar Technician,Engineer
Field Service Engineer,Engineer
Fire Protection Engineer,Engineer
Electrical Maintenance Technician,Engineer
Engineering Innovator,Engineer
Electronics Engineer,Engineer
Instrumentation Technician,Engineer
Safety Engineer,Engineer
Engineering Program Manager,Engineer
Corrosion Engineer,Engineer
Reliability Engineer,Engineer
Medical Device Engineer,Engineer
Fire and Security Installer,Engineer
Drilling Technician,Environmental Engineer
Environmental Scientist,Environmental Engineer
Water Resources Engineer,Environmental Engineer
Geospatial Technician,Environmental Engineer
Archaeologist,Environmental Engineer
Transportation Technician,Environmental Engineer
Land Surveyor,Environmental Engineer
Environmental Analyst,Environmental Engineer
Geotechnical Engineer,Environmental Engineer
Water Management Engineer,Environmental Engineer
Asbestos Technician,Environmental Engineer
Land Planner,Environmental Engineer
Geologist,Environmental Engineer
Urban Planner,Environmental Engineer
Compensation Analyst,Financial Analyst
Quantitative Risk Analyst,Financial Analyst
Sales Compensation Analyst,Financial Analyst
Acquisition Integration Analyst,Financial Analyst
Revenue Specialist,Financial Analyst
Actuary,Financial Analyst
Economist,Financial Analyst
Financial Business Analyst,Financial Analyst
Pricing Analyst,Financial Analyst
Contract Analyst,Financial Analyst
Sustainability Consultant,Financial Analyst
Energy Analyst,Financial Analyst
Financial Analyst,Financial Analyst
Business Performance Analyst,Financial Analyst
Spa Technician,Food Service
Delivery Driver,Food Service
Event Operations,Food Service
Travel Coordinator,Food Service
Housekeeping Supervisor,Food Service
Casino Ticketing,Food Service
Recreation Activities Coordinator,Food Service
Flight Attendant,Food Service
Gaming Attendant,Food Service
Food Service Management,Food Service
Gardener,Food Service
Deli and Bakery Staff,Food Service
Cleaner,Food Service
Hospitality Services,Food Service
Food Service,Food Service
Catering Coordinator,Food Service
Hospitality Intern,Food Service
Pastry Chef,Food Service
Restaurant Crew,Food Service
Service Attendant,Food Service
Passenger Transport Driver,Food Service
Cashier,Food Service
Fitness Trainer,Food Service
Housekeeping Attendant,Food Service
Visitor Services,Food Service
Custodial Staff,Food Service
Lifeguard,Food Service
Performer,Food Service
Chef,Food Service
Guest Services,Food Service
Food Server,Food Service
Food Service Volunteer,Food Service
Hotel Operations,Food Service
Animal Nutritionist,Food Service
Facility Caretaker,Food Service
Event Specialist,Food Service
Animal Caregiver,Food Service
Event Photographer,Food Service
HR Intern,HR Coordinator (Operations)
Diversity and Inclusion Coordinator,HR Coordinator (Operations)
Talent Acquisition Specialist,HR Coordinator (Operations)
Talent Development,HR Coordinator (Operations)
Employee Relations,HR Coordinator (Operations)
HR Business Partner,HR Coordinator (Operations)
HR Coordinator,HR Coordinator (Operations)
Labor Mediator,HR Coordinator (Operations)
Military Recruiter,HR Coordinator (Operations)
Recruitment Coordinator,HR Coordinator (Operations)
Healthcare Recruitment Manager,HR Coordinator (Operations)
Legal Recruiter,HR Coordinator (Operations)
Immigration Consultant,HR Coordinator (Public Service and Education)
Database Administrator,IT Support Technician
IT Asset Manager,IT Support Technician
Network Specialist,IT Support Technician
Technical Support Operations,IT Support Technician
Mobility Technician,IT Support Technician
Technical Support,IT Support Technician
IT Support Technician,IT Support Technician
Network Manager,IT Support Technician
Telecom Support Technician,IT Support Technician
Network Performance Analyst,IT Support Technician
Capacity Planner,IT Support Technician
Technical Operations,IT Support Technician
Incident Response,IT Support Technician
IT Systems Administrator,IT Support Technician
Technical Trainer,IT Support Technician
IT Administrator,IT Support Technician
IT Support,IT Support Technician
Customer Support Expert,IT Support Technician
Mainframe Engineer,IT Support Technician
Operations Support Specialist,IT Support Technician
IT Operations Management,IT Support Technician
Administrative Support,IT Support Technician
Data Center Operations,IT Support Technician
Wildlife Conservation Officer,Law Enforcement Officer
Public Safety Officer,Law Enforcement Officer
Military Operations Officer,Law Enforcement Officer
Civil Rights Investigator,Law Enforcement Officer
Emergency Management,Law Enforcement Officer
Records Examiner,Law Enforcement Officer
Legal Counsel,Law Enforcement Officer
Law Enforcement Officer,Law Enforcement Officer
Security Instructor,Law Enforcement Officer
Correctional Officer,Law Enforcement Officer
Emergency Dispatcher,Law Enforcement Officer
Transportation Operations,Logistics Coordinator
Logistics Officer,Logistics Coordinator
Aviation Operations,Logistics Coordinator
Fuel Operations Coordinator,Logistics Coordinator
Scheduler,Logistics Coordinator
Maritime Operations,Logistics Coordinator
Fleet Coordinator,Logistics Coordinator
Recycling Engineer,Logistics Coordinator
Transportation Planner,Logistics Coordinator
Logistics Dispatcher,Logistics Coordinator
Supplier Quality Assurance,Manufacturing Process Improvement
Product Launch Manager,Manufacturing Process Improvement
Manufacturing Operations,Manufacturing Process Improvement
Food Manufacturing Technician,Manufacturing Process Improvement
Labeling Coordinator,Manufacturing Process Improvement
Biofuels Operations,Manufacturing Process Improvement
Process Improvement Specialist,Manufacturing Process Improvement
SEO Content Writer,Marketing Coordinator
Communications Coordinator,Marketing Coordinator
Video Producer,Marketing Coordinator
Sports Marketing,Marketing Coordinator
Event Management,Marketing Coordinator
Marketing Assistant,Marketing Coordinator
Search Marketing,Marketing Coordinator
Healthcare Marketer,Marketing Coordinator
Content Creator,Marketing Coordinator
Visual Designer,Marketing Coordinator
Digital Marketing,Marketing Coordinator
Fundraising Coordinator,Marketing Coordinator
Content Marketing,Marketing Coordinator
Marketing Coordinator,Marketing Coordinator
News Journalist,Marketing Coordinator
Social Media Marketing,Marketing Coordinator
Creative Project Manager,Marketing Coordinator
Proposal Writer,Marketing Coordinator
On Leave,Miscellaneous
Retired,Miscellaneous
Office Assistant,Office Assistant
Cash Clerk,Office Assistant
Leasing Agent,Office Assistant
Mortician,Office Assistant
Facilities Coordinator,Office Assistant
Vehicle Clerk,Office Assistant
Parking Attendant,Office Assistant
Mail Processor,Office Assistant
Telecommunications Operator,Office Assistant
Delivery Courier,Office Assistant
Global Operations Manager,Operations Coordinator
Maintenance Coordinator,Operations Coordinator
Field Operations,Operations Coordinator
Scheduling Coordinator,Operations Coordinator
Operations Specialist,Operations Coordinator
Department Manager,Operations Coordinator
Facilities Operations,Operations Coordinator
Operations Manager,Operations Coordinator
Relocation Consultant,Operations Coordinator
Facilities Administrator,Operations Coordinator
Contact Center Operations,Operations Coordinator
Service Operations,Operations Coordinator
Operations Leadership,Operations Coordinator
Operations Management,Operations Coordinator
Industrial Infrastructure Manager,Operations Coordinator
Site Operations,Operations Coordinator
Operations Intern,Operations Coordinator
HR Operations,Operations Coordinator
Energy and Mining Operations,Operations Coordinator
Workforce Planner,Operations Coordinator
Specialized Healthcare Recruiter,Patient Care Nurse
Healthcare Assistant,Patient Care Nurse
Healthcare Nurse,Patient Care Nurse
Social Worker,Patient Care Nurse
Community Health Worker,Patient Care Nurse
Pharmacy Assistant,Patient Care Nurse
Healthcare Operations,Patient Care Nurse
Healthcare Educator,Patient Care Nurse
Ultrasound Technician,Patient Care Nurse
Medical Sales Specialist,Patient Care Nurse
Eye Care Assistant,Patient Care Nurse
Registered Nurse,Patient Care Nurse
Utilization Review,Patient Care Nurse
Dental Practitioner,Patient Care Nurse
Emergency Medical Nurse,Patient Care Nurse
Appeals Analyst,Patient Care Nurse
Provider Relations,Patient Care Nurse
Alternative Medicine Therapist,Patient Care Nurse
Health Informatics,Patient Care Nurse
Healthcare Support,Patient Care Nurse
Occupational Health Advisor,Patient Care Nurse
Veterinary Technician,Patient Care Nurse
Health and Wellness Coordinator,Patient Care Nurse
Speech Therapist,Patient Care Nurse
Medical Practitioner,Patient Care Nurse
Medical Billing,Patient Care Nurse
Ophthalmic Technician,Patient Care Nurse
Nurse Educator,Patient Care Nurse
Clinical Pharmacist,Patient Care Nurse
Infection Control Coordinator,Patient Care Nurse
Therapist,Patient Care Nurse
Phlebotomy Technician,Patient Care Nurse
Veterinary Receptionist,Patient Care Nurse
Pharmacy Informatics,Patient Care Nurse
Patient Care Aide,Patient Care Nurse
Rehabilitation Aide,Patient Care Nurse
Dialysis Nurse,Patient Care Nurse
Nutritionist,Patient Care Nurse
Massage Therapist,Patient Care Nurse
Medical Coder,Patient Care Nurse
Credential Evaluator,Patient Care Nurse
Rehabilitation Therapist,Patient Care Nurse
Mental Health Counselor,Patient Care Nurse
Surgical Technician,Patient Care Nurse
Dental Hygienist,Patient Care Nurse
Physical Therapist,Patient Care Nurse
Laboratory Technician,Patient Care Nurse
Care Manager,Patient Care Nurse
Sleep Technician,Patient Care Nurse
Sports Medicine Therapist,Patient Care Nurse
Healthcare Project Lead,Patient Care Nurse
Ophthalmologist and Otologist,Patient Care Nurse
Clinical Dietitian,Patient Care Nurse
Healthcare Receptionist,Patient Care Nurse
Healthcare Liaison,Patient Care Nurse
Medical Scribe,Patient Care Nurse
Pharmacy Safety,Patient Care Nurse
Veterinarian,Patient Care Nurse
Patient Access,Patient Care Nurse
Health Information Manager,Patient Care Nurse
Dental Assistant,Patient Care Nurse
Respiratory Therapist,Patient Care Nurse
Healthcare HR Specialist,Patient Care Nurse
Veterans Support Coordinator,Patient Care Nurse
Pharmacist,Patient Care Nurse
Wellness Coach,Patient Care Nurse
Nutrition Manager,Patient Care Nurse
Pharmacy Operations,Patient Care Nurse
Healthcare Quality Auditor,Patient Care Nurse
Care Coordinator,Patient Care Nurse
Radiology Technologist,Patient Care Nurse
Healthcare Technician,Patient Care Nurse
Medical Transporter,Patient Care Nurse
Infection Control Nurse,Patient Care Nurse
Sterile Processing Technician,Patient Care Nurse
Pharmacy Technician,Patient Care Nurse
Healthcare Investigator,Patient Care Nurse
Healthcare Product Manager,Product Marketing
Revenue Growth Strategist,Product Marketing
Product Manager,Product Marketing
Growth Marketing,Product Marketing
Sales Analyst,Product Marketing
Education Product Developer,Product Marketing
Digital Marketing Strategist,Product Marketing
Marketing Insights Analyst,Product Marketing
Customer Experience,Product Marketing
E-commerce Coordinator,Product Marketing
Financial Product Manager,Product Marketing
Customer Enablement,Product Marketing
Release Engineer,Project Consultant
ServiceNow Consultant,Project Consultant
Messaging Marketing,Project Consultant
Product Support Technician,Project Consultant
Agile Coach,Project Consultant
Product Owner,Project Consultant
Project Management,Project Consultant
Technology Integrator,Project Consultant
Implementation Analyst,Project Consultant
Security Project Manager,Project Consultant
Mobility Consultant,Project Consultant
Digital Workplace Consultant,Project Consultant
Program Manager,Project Consultant
Finance Project Manager,Project Consultant
CRM Consultant,Project Consultant
IT Consultant,Project Consultant
Digital Project Management,Project Consultant
Localization Coordinator,Project Consultant
Project Manager,Project Consultant
Automation Specialist,Project Consultant
Digital Strategy Consultant,Project Consultant
Healthcare Project Management,Project Consultant
Healthcare Consultant,Project Consultant
Risk Compliance Analyst,Project Consultant
Digital Archivist,Project Consultant
Delivery Manager,Project Consultant
Telecom Consultant,Project Consultant
Enterprise Architect,Project Consultant
Legal Project Manager,Project Consultant
Cloud Advisor,Project Consultant
Industry Coordinator,Project Coordinator
Operations Support,Project Coordinator
Project Controller,Project Coordinator
Document Controller,Project Coordinator
Tender Coordinator,Project Coordinator
Subcontract Coordinator,Project Coordinator
Industry Project Manager,Project Coordinator
Project Coordination,Project Coordinator
Contract Administrator,Project Coordinator
Industry Planner,Project Coordinator
Non-Destructive Testing Technician,Quality Assurance Engineer
Safety Coordinator,Quality Assurance Engineer
Document Manager,Quality Assurance Engineer
Pharmaceutical Quality Assurance,Quality Assurance Engineer
Certification Analyst,Quality Assurance Engineer
Fire Safety Inspector,Quality Assurance Engineer
Quality Assurance Analyst,Quality Assurance Engineer
Product Safety Analyst,Quality Assurance Engineer
Quality Assurance,Quality Assurance Engineer
Ergonomics Consultant,Quality Assurance Engineer
Food Safety Inspector,Quality Assurance Engineer
Quality Inspector,Quality Assurance Engineer
Property Valuer,Real Estate Agent
Real Estate Coordinator,Real Estate Agent
Real Estate Finance,Real Estate Agent
Real Estate Consultant,Real Estate Agent
Title Examiner,Real Estate Agent
Land Acquisition Agent,Real Estate Agent
Housing Compliance Analyst,Real Estate Agent
Corporate Executive,Real Estate Agent
Asset Manager,Real Estate Agent
Property Manager,Real Estate Agent
Property Appraiser,Real Estate Agent
Chief Executive Officer,Real Estate Agent
Finance Recruiter,Recruiter
Talent Marketing,Recruiter
Recruitment Consultant,Recruiter
Talent Acquisition Director,Recruiter
Technical Recruiter,Recruiter
Life Sciences Recruiter,Recruiter
Meter Data Analyst,Renewable Energy Engineer
Utility Operations,Renewable Energy Engineer
Sustainability Analyst,Renewable Energy Engineer
Transmission Operator,Renewable Energy Engineer
Oil and Gas Analyst,Renewable Energy Engineer
Energy Specialist,Renewable Energy Engineer
Electric Vehicle Consultant,Renewable Energy Engineer
Renewable Energy Consultant,Renewable Energy Engineer
Offshore Operations Coordinator,Renewable Energy Engineer
Renewable Energy Specialist,Renewable Energy Engineer
Research Analyst,Research Scholar
Legal Analyst,Research Scholar
Social Science Educator,Research Scholar
Academic Researcher,Research Scholar
Survey Researcher,Research Scholar
Language Instructor,Research Scholar
Data Science Educator,Research Scholar
Library Assistant,Research Scholar
Writer,Research Scholar
Media Writer,Research Scholar
Museum Curator,Research Scholar
Multimedia Designer,Research Scholar
Language Translator,Research Scholar
Research Intern,Research Scholar
University Faculty,Research Scholar
Creative Arts Educator,Research Scholar
Lab Technician,Research Scientist
Patent Chemist,Research Scientist
Food Technologist,Research Scientist
Biomedical Engineer,Research Scientist
Agricultural Scientist,Research Scientist
Regulatory Analyst,Research Scientist
Forensic Scientist,Research Scientist
Science Project Manager,Research Scientist
Biologist,Research Scientist
Scientific Researcher,Research Scientist
Application Scientist,Research Scientist
Research Scientist,Research Scientist
Chemical Engineer,Research Scientist
Dispensary Sales,Retail Sales Associate
Fashion Stylist,Retail Sales Associate
Food Retail Associate,Retail Sales Associate
Visual Merchandiser,Retail Sales Associate
Beauty Consultant,Retail Sales Associate
Retail Sales Associate,Retail Sales Associate
Retail Operations,Retail Sales Associate
Pest Control Sales,Retail Sales Associate
Automotive Sales,Retail Sales Associate
Home Design Consultant,Retail Sales Associate
Beauty Retail Manager,Retail Sales Associate
Retail Cashier,Retail Sales Associate
Beverage Sales Consultant,Retail Sales Associate
Optical Technician,Retail Sales Associate
Retail Merchandiser,Retail Sales Associate
Retail Stock Associate,Retail Sales Associate
Pet Sales Associate,Retail Sales Associate
Client Account Manager,Sales Representative
Travel Consultant,Sales Representative
Customer Relations,Sales Representative
Pharmaceutical Sale,Sales Representative
Sales Enablement,Sales Representative
Tech Sales,Sales Representative
Healthcare Sales Specialist,Sales Representative
Healthcare Sales,Sales Representative
Food and Beverage Sales,Sales Representative
Sales Operations,Sales Representative
Pharmaceutical Leader,Sales Representative
Sales Trainee,Sales Representative
Roofing Sales Representative,Sales Representative
Sales Support,Sales Representative
Sales Representative,Sales Representative
Bid Manager,Sales Representative
Logistics Sales,Sales Representative
Medical Product Manager,Sales Representative
Value Consultant,Sales Representative
Life Sciences Sales,Sales Representative
Sales Project Coordinator,Sales Representative
Sales Intern,Sales Representative
Financial Sales,Sales Representative
Healthcare Marketing,Sales Representative
Bid Coordinator,Sales Representative
Real Estate Agent,Sales Representative
Customer Service Trainer,Sales Representative
Sales Account Executive,Sales Representative
Agricultural Sales,Sales Representative
Hospitality Sales,Sales Representative
Digital Sales,Sales Representative
Sales Consultant,Sales Representative
Public Sector Sales,Sales Representative
Medical Sale,Sales Representative
Market Access Analyst,Sales Representative
Sales Trainer,Sales Representative
Customer Success,Sales Representative
Solar Energy Sales,Sales Representative
Cybersecurity Sales Representative,Sales Representative
Regional Sales,Sales Representative
Remote Sales Representative,Sales Representative
Renewal Specialist,Sales Representative
Multilingual Sales Agent,Sales Representative
Vehicle Sales,Sales Representative
Technical Sales,Sales Representative
Sales and Marketing,Sales Representative
Insurance Sales,Sales Representative
Dental Sales,Sales Representative
Maritime Security Officer,Security Guard
Asset Protection Manager,Security Guard
Security Surveillance,Security Guard
Security Operations,Security Guard
Event Security,Security Guard
Loss Prevention Specialist,Security Guard
Security Personnel,Security Guard
Parking Officer,Security Guard
Airport Operations Supervisor,Service Operations
Crew Coordinator,Service Operations
Residential Property Management,Service Operations
Service Supervisor,Service Operations
Animal Care Manager,Service Operations
Automotive Service Operations,Service Operations
Shift Supervisor,Service Operations
Casino Operations,Service Operations
Branch Operations,Service Operations
Delivery Logistics,Service Operations
Team Lead,Service Operations
Farm Operations,Service Operations
Operations Director,Service Operations
Performance Engineer,Software Developer
Application Developer,Software Developer
Data Engineer,Software Developer
Java Developer,Software Developer
Technical Program,Software Developer
AI Project Manager,Software Developer
QA Engineer,Software Developer
Test Engineer,Software Developer
Salesforce Developer,Software Developer
Software Developer,Software Developer
AI Engineer,Software Developer
Hardware Engineer,Software Developer
Technology Systems Engineer,Software Developer
Wireless Communications Engineer,Software Developer
Game Software Engineer,Software Developer
Java Oracle Developer,Software Developer
Data Visualization Developer,Software Developer
Fintech Developer,Software Developer
.NET Developer,Software Developer
Cloud Architect,Software Developer
Cybersecurity Engineer,Software Developer
Data Architect,Software Developer
Ruby on Rails Developer,Software Developer
Digital Forensic Analyst,Software Developer
Blockchain Developer,Software Developer
Computer Vision Engineer,Software Developer
Database Developer,Software Developer
Systems Engineer,Software Developer
Software Architect,Software Developer
Bioinformatics Analyst,Software Developer
Data Scientist,Software Developer
Mobile Developer,Software Developer
Solutions Architect,Software Developer
Data Engineering Leader,Software Developer
Data Developer,Software Developer
Penetration Tester,Software Developer
Blockchain Consultant,Software Developer
Tech Trainer,Software Developer
Data Testing Engineer,Software Developer
Security Product Manager,Software Developer
Healthcare Architect,Software Developer
Network Engineer,Software Developer
Aerospace Software Engineer,Software Developer
Robotics Engineer,Software Developer
Innovation Developer,Software Developer
Broadcast Engineer,Software Developer
Cloud Security Engineer,Software Developer
Data Product Manager,Software Developer
Geospatial Developer,Software Developer
Cybersecurity Architect,Software Developer
Technical Product Manager,Software Developer
GIS Engineer,Software Developer
Infrastructure Engineer,Software Developer
RPA Developer,Software Developer
Embedded Software Engineer,Software Developer
PHP Developer,Software Developer
Geospatial Analyst,Software Developer
Middleware Engineer,Software Developer
Identity Access Engineer,Software Developer
Network Security Engineer,Software Developer
IoT Developer,Software Developer
Tech Founder,Software Developer
Software Automation Engineer,Software Developer
Quantitative Analyst,Software Developer
AI Researcher,Software Developer
Cloud Engineer,Software Developer
Mainframe Developer,Software Developer
Healthcare Engineer,Software Developer
Developer Advocate,Software Developer
Statistical Analyst,Software Developer
Red Team Operator,Software Developer
Procurement Analyst,Supply Chain Analyst
Parts Coordinator,Supply Chain Analyst
Supplier Diversity,Supply Chain Analyst
Purchasing Agent,Supply Chain Analyst
Import Export Coordinator,Supply Chain Analyst
Clinical Supply Chain,Supply Chain Analyst
Merchandise Planner,Supply Chain Analyst
Freight Coordinator,Supply Chain Analyst
Apparel Production,Supply Chain Analyst
Manufacturing Finance Analyst,Supply Chain Analyst
E-commerce Fulfillment,Supply Chain Analyst
Maintenance Planner,Supply Chain Analyst
Customs Compliance,Supply Chain Analyst
Distribution Coordinator,Supply Chain Analyst
Space Planner,Supply Chain Analyst
Vendor Relations,Supply Chain Analyst
Supply Chain Coordinator,Supply Chain Analyst
Logistics Coordinator,Supply Chain Analyst
Logistics Technician,Supply Chain Analyst
Production Planner,Supply Chain Analyst
Supply Chain Network Planner,Supply Chain Analyst
Inventory Coordinator,Supply Chain Analyst
Procure to Pay Analyst,Supply Chain Analyst
Planning Analyst,Supply Chain Analyst
Warehouse Operations,Supply Chain Analyst
Commodity Trader,Supply Chain Analyst
Production Coordinator,Supply Chain Analyst
Sustainable Supply Chain,Supply Chain Analyst
Quality Control Analyst,Supply Chain Analyst
Medical Logistics,Supply Chain Analyst
Planning Specialist,Supply Chain Analyst
Supply Chain Intern,Supply Chain Analyst
Trade Logistics,Supply Chain Analyst
Supply Chain Project,Supply Chain Analyst
Retail Project Manager,Supply Chain Analyst
Supply Chain Analyst,Supply Chain Analyst
Customs Analyst,Supply Chain Analyst
Supply Chain Operations,Supply Chain Analyst
Business Analyst,Systems Analyst
Systems Analyst,Systems Analyst
SAP Consultant,Systems Analyst
Configuration Analyst,Systems Analyst
LIMS Analyst,Systems Analyst
Salesforce Administrator,Systems Analyst
Customer Experience Analyst,Systems Analyst
E-commerce Analyst,Systems Analyst
Document Analyst,Systems Analyst
SAP Developer,Systems Analyst
EDI Analyst,Systems Analyst
Operations Analyst,Systems Analyst
ERP Consultant,Systems Analyst
SAP Instructor,Systems Analyst
Program Analyst,Systems Analyst
ServiceNow Developer,Systems Analyst
HCM Systems Analyst,Systems Analyst
Healthcare Systems Analyst,Systems Analyst
QA Analyst,Systems Analyst
SAP Data Analyst,Systems Analyst
SAP Test Engineer,Systems Analyst
Training and Curriculum Analyst,Systems Analyst
Insurance Analyst,Systems Analyst
Records Administrator,Systems Analyst
Dynamics 365 Consultant,Systems Analyst
Financial Aid Advisor,Teacher
School Bus Coordinator,Teacher
Sports Coach,Teacher
Internship Coordinator,Teacher
Early Childhood Educator,Teacher
Enrollment Officer,Teacher
Science Educator,Teacher
Employment Advisor,Teacher
Family Support Counselor,Teacher
Education Coordinator,Teacher
Student Welfare Advisor,Teacher
Language Teacher,Teacher
Childcare Provider,Teacher
Classroom Teacher,Teacher
Sports Operations,Teacher
Behavior Analyst,Teacher
Social Services Evaluator,Teacher
Career Coach,Teacher
Special Education Teacher,Teacher
Religious Leader,Teacher
Community Volunteer,Teacher
Admissions Officer,Teacher
Housing Support Coordinator,Teacher
Educator,Teacher
Spiritual Care Chaplain,Teacher
Campus Engagement Coordinator,Teacher
Religious Teacher,Teacher
Social Support Worker,Teacher
Recreation Program Coordinator,Teacher
Culinary Instructor,Teacher
Arts Educator,Teacher
Fitness Coach,Teacher
Campus Student Support,Teacher
Social Services Advocate,Teacher
Library Educator,Teacher
Art Instructor,Teacher
Youth Educator,Teacher
Performing Artist,Teacher
Scaffolder,Technician
Aircraft Maintenance,Technician
Aircraft Technician,Technician
Cleaning Technician,Technician
Equipment Operator,Technician
Waste Collection Driver,Technician
Creative Producer,Technician
Automotive Technician,Technician
Transport Operator,Technician
Painter,Technician
Media Technician,Technician
Fleet Supervisor,Technician
Production Operator,Technician
Industrial Operator,Technician
HVAC Trainer,Technician
Farm Laborer,Technician
Combat Operator,Technician
Driving Instructor,Technician
Locksmith Technician,Technician
Utility Construction Technician,Technician
Manufacturing Worker,Technician
Technical Instructor,Technician
Assembler,Technician
Landscape Gardener,Technician
Warehouse Associate,Technician
Restoration Technician,Technician
Maintenance Operations,Technician
Food Production,Technician
Construction Foreman,Technician
Molding Machine Operator,Technician
Document Technician,Technician
Package Handler,Technician
Construction Worker,Technician
Warehouse Worker,Technician
Food Production Supervisor,Technician
Sanitation Worker,Technician
Vehicle Detailer,Technician
Vehicle Technician,Technician
Commercial Truck Driver,Technician
Inspection Technician,Technician
Truck Driver,Technician
Damage Control Technician,Technician
Maintenance Technician,Technician
Agricultural Technician,Technician
Machinist,Technician
Pest and Lawn Technician,Technician
Grain Technician,Technician
Transport Driver,Technician
Metal Fabricator,Technician
Field Service Technician,Technician
Production Supervisor,Technician
HVAC Technician,Technician
Custodian,Technician
Print Technician,Technician
Logistics Operator,Technician
Molding Technician,Technician
Production Technician,Technician
Logistics Handler,Technician
Plumbing Technician,Technician
Traffic Operations,Technician
Quality Tester,Technician
Waste Management,Technician
Food Assembler,Technician
Grounds Maintenance,Technician
Recycling Operator,Technician
Entertainment Technician,Technician
Firefighter,Technician
Manufacturing Operator,Technician
Lumber Operations,Technician
Sanitation Manager,Technician
Automotive Inspector,Technician
Manufacturing Process Trainer,Technician
Sanitation Cleaner,Technician
Utility Technician,Technician
Parts Handler,Technician
Marine Technician,Technician
Environmental Technician,Technician
Industrial Worker,Technician
Waste Management Coordinator,Technician
Corporate Trainer,Training Coordinator
Apprenticeship Facilitator,Training Coordinator
Trainer,Training Coordinator
Aviation Instructor,Training Coordinator
Learning Developer,Training Coordinator
Learning Designer,Training Coordinator
Cybersecurity Instructor,Training Coordinator
Language Coach,Training Coordinator
Safety Trainer,Training Coordinator
Training Auditor,Training Coordinator
unknown,unknown
